Group,Intersection size, percent (per sample),pvalue, oddsratio, expected
a,8
c,5
b,2
b_c,1,b (50.00%);c (20.00%),0.0005999000011852654,2999.2,0.0006
a_b_c,1,a (12.50%);b (50.00%);c (20.00%)
a_c,5,a (62.50%);c (100.00%),1.6003542490941967e-15,3747.75,0.00433333333333
a_b,2,a (25.00%);b (100.00%),5.998066646963271e-07,3748.5,0.00133333333333
